"document_id","archivsignatur","folio","title","document_type","source_row","source_url"
"UAKUG/NIM_004_1","UAKUG/NIM_004","1","Kopie eines Briefumschlags adressiert an Malaniuk, Signatur und Poststempel aus New York","photokopie","1","https://raw.githubusercontent.com/DigitalHumanitiesCraft/m3gim/bec2a068802e9f2cb9885df072699b269d6efaa9/data/google-spreadsheet/M3GIM-Objekte.csv"
"UAKUG/NIM_004_2","UAKUG/NIM_004","2","Rezension zu Lady Macbeth in der Verdi- Premiere der Staatsoper","rezension","1","https://raw.githubusercontent.com/DigitalHumanitiesCraft/m3gim/bec2a068802e9f2cb9885df072699b269d6efaa9/data/google-spreadsheet/M3GIM-Objekte.csv"
"UAKUG/NIM_004_3","UAKUG/NIM_004","3","Rezension von Karl Schumann zu Macbeth","rezension","1","https://raw.githubusercontent.com/DigitalHumanitiesCraft/m3gim/bec2a068802e9f2cb9885df072699b269d6efaa9/data/google-spreadsheet/M3GIM-Objekte.csv"
"UAKUG/NIM_004_4","UAKUG/NIM_004","4","Rezension von H. Schmidt-Garre zu Macbeth an der Bayerischen Staatsoper","rezension","1","https://raw.githubusercontent.com/DigitalHumanitiesCraft/m3gim/bec2a068802e9f2cb9885df072699b269d6efaa9/data/google-spreadsheet/M3GIM-Objekte.csv"
"UAKUG/NIM_004_5","UAKUG/NIM_004","5","Rezension von K.H. Ruppel zu Orpheus und Eurydike in der Süddeutschen Zeitung","rezension","1","https://raw.githubusercontent.com/DigitalHumanitiesCraft/m3gim/bec2a068802e9f2cb9885df072699b269d6efaa9/data/google-spreadsheet/M3GIM-Objekte.csv"
"UAKUG/NIM_004_6","UAKUG/NIM_004","6","Rezension von Karl Schumann zur Premiere von Orpheus und Eurydike ","rezension","1","https://raw.githubusercontent.com/DigitalHumanitiesCraft/m3gim/bec2a068802e9f2cb9885df072699b269d6efaa9/data/google-spreadsheet/M3GIM-Objekte.csv"
"UAKUG/NIM_004_7","UAKUG/NIM_004","7","Rezension von Dr. Joachim Bergfeld (Fränkische Presse) zur IX. Symphonie Beethovens","rezension","1","https://raw.githubusercontent.com/DigitalHumanitiesCraft/m3gim/bec2a068802e9f2cb9885df072699b269d6efaa9/data/google-spreadsheet/M3GIM-Objekte.csv"
"UAKUG/NIM_004_8","UAKUG/NIM_004","8","Rezension von Helmut Schmidt-Garre","rezension","1","https://raw.githubusercontent.com/DigitalHumanitiesCraft/m3gim/bec2a068802e9f2cb9885df072699b269d6efaa9/data/google-spreadsheet/M3GIM-Objekte.csv"
"UAKUG/NIM_004_9","UAKUG/NIM_004","9","Rezension von A. Parente zu Tristan und Isolde in Neapel","rezension","1","https://raw.githubusercontent.com/DigitalHumanitiesCraft/m3gim/bec2a068802e9f2cb9885df072699b269d6efaa9/data/google-spreadsheet/M3GIM-Objekte.csv"
"UAKUG/NIM_004_10","UAKUG/NIM_004","10","Rezensionen aus der Fränkischen Presse zu ""Die Götterdämmerung"" und ""Tristan und Isolde""","rezension","1","https://raw.githubusercontent.com/DigitalHumanitiesCraft/m3gim/bec2a068802e9f2cb9885df072699b269d6efaa9/data/google-spreadsheet/M3GIM-Objekte.csv"
"UAKUG/NIM_004_11","UAKUG/NIM_004","11","Rezension zu Paul Hindemith in Köln","rezension","1","https://raw.githubusercontent.com/DigitalHumanitiesCraft/m3gim/bec2a068802e9f2cb9885df072699b269d6efaa9/data/google-spreadsheet/M3GIM-Objekte.csv"
"UAKUG/NIM_004_12","UAKUG/NIM_004","12","Rezension von Dr. Kurt Honolka zu Titus","rezension","1","https://raw.githubusercontent.com/DigitalHumanitiesCraft/m3gim/bec2a068802e9f2cb9885df072699b269d6efaa9/data/google-spreadsheet/M3GIM-Objekte.csv"
"UAKUG/NIM_004_13","UAKUG/NIM_004","13","Rezension zur Festvorstellung Meistersinger aus dem Münchner Merkur","rezension","1","https://raw.githubusercontent.com/DigitalHumanitiesCraft/m3gim/bec2a068802e9f2cb9885df072699b269d6efaa9/data/google-spreadsheet/M3GIM-Objekte.csv"
"UAKUG/NIM_004_14","UAKUG/NIM_004","14","Rezension von ZED. zu Le Chant de la Terre in Straßburg unter Fritz Munch","rezension","1","https://raw.githubusercontent.com/DigitalHumanitiesCraft/m3gim/bec2a068802e9f2cb9885df072699b269d6efaa9/data/google-spreadsheet/M3GIM-Objekte.csv"
"UAKUG/NIM_004_15","UAKUG/NIM_004","15","Rezension von Y. zu Tannhäuser","rezension","1","https://raw.githubusercontent.com/DigitalHumanitiesCraft/m3gim/bec2a068802e9f2cb9885df072699b269d6efaa9/data/google-spreadsheet/M3GIM-Objekte.csv"
"UAKUG/NIM_004_16","UAKUG/NIM_004","16","Rezension von Y. zu Aida an der Wiener Staatsoper","rezension","1","https://raw.githubusercontent.com/DigitalHumanitiesCraft/m3gim/bec2a068802e9f2cb9885df072699b269d6efaa9/data/google-spreadsheet/M3GIM-Objekte.csv"
"UAKUG/NIM_004_17","UAKUG/NIM_004","17","Rezension von ibe zu Aida an der Wiener Staatsoper","rezension","1","https://raw.githubusercontent.com/DigitalHumanitiesCraft/m3gim/bec2a068802e9f2cb9885df072699b269d6efaa9/data/google-spreadsheet/M3GIM-Objekte.csv"
"UAKUG/NIM_004_18","UAKUG/NIM_004","18","Rezension von Paul Tinel zu Tristan und Isolde am Teatre La Monnaie","rezension","1","https://raw.githubusercontent.com/DigitalHumanitiesCraft/m3gim/bec2a068802e9f2cb9885df072699b269d6efaa9/data/google-spreadsheet/M3GIM-Objekte.csv"
"UAKUG/NIM_004_19","UAKUG/NIM_004","19","Rezension von René Dumesnil zu Tristan und Isolde in Paris","rezension","1","https://raw.githubusercontent.com/DigitalHumanitiesCraft/m3gim/bec2a068802e9f2cb9885df072699b269d6efaa9/data/google-spreadsheet/M3GIM-Objekte.csv"
"UAKUG/NIM_004_22","UAKUG/NIM_004","22","Brief von Ira Malaniuk an Cox vom 07.09.1957","korrespondenz","1","https://raw.githubusercontent.com/DigitalHumanitiesCraft/m3gim/bec2a068802e9f2cb9885df072699b269d6efaa9/data/google-spreadsheet/M3GIM-Objekte.csv"
"UAKUG/NIM_004_23","UAKUG/NIM_004","23","Brief von Ira Malaniuk an Cox vom 26.11.1957","korrespondenz","1","https://raw.githubusercontent.com/DigitalHumanitiesCraft/m3gim/bec2a068802e9f2cb9885df072699b269d6efaa9/data/google-spreadsheet/M3GIM-Objekte.csv"
"UAKUG/NIM_004_24","UAKUG/NIM_004","24","Kurzbiografie  von Ira Malaniuk als Typoscript (vermutlich als Anhang eines Briefes) ","autobiografie","1","https://raw.githubusercontent.com/DigitalHumanitiesCraft/m3gim/bec2a068802e9f2cb9885df072699b269d6efaa9/data/google-spreadsheet/M3GIM-Objekte.csv"
"UAKUG/NIM_004_25","UAKUG/NIM_004","25","NCAC Newsletter über Künstler:innen (Ira Malaniuk - Hugh Thompson)","Typoskript","1","https://raw.githubusercontent.com/DigitalHumanitiesCraft/m3gim/bec2a068802e9f2cb9885df072699b269d6efaa9/data/google-spreadsheet/M3GIM-Objekte.csv"
"UAKUG/NIM_004_26","UAKUG/NIM_004","26","Rezension von Herbert Kupferberg zu Mozarts Requiem und Schuberts Messe in Es-Dur mit Ira Malaniuk","rezension","1","https://raw.githubusercontent.com/DigitalHumanitiesCraft/m3gim/bec2a068802e9f2cb9885df072699b269d6efaa9/data/google-spreadsheet/M3GIM-Objekte.csv"
"UAKUG/NIM_004_27","UAKUG/NIM_004","27","Brief von Margaret Snider an Ira Malaniuk vom 27.10.1959","korrespondenz","1","https://raw.githubusercontent.com/DigitalHumanitiesCraft/m3gim/bec2a068802e9f2cb9885df072699b269d6efaa9/data/google-spreadsheet/M3GIM-Objekte.csv"
"UAKUG/NIM_004_28","UAKUG/NIM_004","28","NCAC Newsletter über Aktivitäten von div. Künstler:innen page 2 (Adele Addison-Ilona Kombrink)","Typoskript","1","https://raw.githubusercontent.com/DigitalHumanitiesCraft/m3gim/bec2a068802e9f2cb9885df072699b269d6efaa9/data/google-spreadsheet/M3GIM-Objekte.csv"
"UAKUG/NIM_004_29","UAKUG/NIM_004","29","Memorandum von Dr. Henry W. levinger (vermutlich eine Kopie von Malaniuk 004_24)","biographie","1","https://raw.githubusercontent.com/DigitalHumanitiesCraft/m3gim/bec2a068802e9f2cb9885df072699b269d6efaa9/data/google-spreadsheet/M3GIM-Objekte.csv"
"UAKUG/NIM_004_30","UAKUG/NIM_004","30","Liste des Opernrepertoires von Ira Malaniuk mit persönlichem Stempel","repertoireliste","1","https://raw.githubusercontent.com/DigitalHumanitiesCraft/m3gim/bec2a068802e9f2cb9885df072699b269d6efaa9/data/google-spreadsheet/M3GIM-Objekte.csv"
"UAKUG/NIM_004_31","UAKUG/NIM_004","31","Rezension von Laurent Savelli zu Der Rosenkavalier in der Opéra de Monte-Carlo","rezension","1","https://raw.githubusercontent.com/DigitalHumanitiesCraft/m3gim/bec2a068802e9f2cb9885df072699b269d6efaa9/data/google-spreadsheet/M3GIM-Objekte.csv"
"UAKUG/NIM_004_32","UAKUG/NIM_004","32","Rezension zu der Oper Capriccio","rezension","1","https://raw.githubusercontent.com/DigitalHumanitiesCraft/m3gim/bec2a068802e9f2cb9885df072699b269d6efaa9/data/google-spreadsheet/M3GIM-Objekte.csv"
"UAKUG/NIM_004_33","UAKUG/NIM_004","33","Rezension von Harald Kaufmann über Orchesterkonzert unter Caridis in Graz","rezension","1","https://raw.githubusercontent.com/DigitalHumanitiesCraft/m3gim/bec2a068802e9f2cb9885df072699b269d6efaa9/data/google-spreadsheet/M3GIM-Objekte.csv"
"UAKUG/NIM_004_34","UAKUG/NIM_004","34","Rezension über Altistinnen der Wiener Opernbühne","presse","1","https://raw.githubusercontent.com/DigitalHumanitiesCraft/m3gim/bec2a068802e9f2cb9885df072699b269d6efaa9/data/google-spreadsheet/M3GIM-Objekte.csv"
